1.000000000000000000e+00,9.979803092535941555e-01,9.883755992894165399e-01,9.832334442033294764e-01,9.781536530803836005e-01,9.646959231324983008e-01,9.618465673514300374e-01,9.587946623019049097e-01,9.545719823753798794e-01,9.506508376038217412e-01,9.501091135026545897e-01,9.491672184828694459e-01,9.450179226104472585e-01,9.433889290205549338e-01,9.424504117345396947e-01,9.415475196676248437e-01,9.401045292614755855e-01,9.396939879730228373e-01,9.976049663388305566e-01,9.950813024013546171e-01,9.945682366624235549e-01,9.940966452955527499e-01,9.859177824864645556e-01,9.812789276860102161e-01,9.789701249227820146e-01,9.633106003639602122e-01,9.614614929140595789e-01,9.525713512085756118e-01,9.461567359470983707e-01,9.435379394225814620e-01,9.405932158075888116e-01,9.399284959780227489e-01,9.397075294902068610e-01
1.000000000000000000e+00,9.980121383591954443e-01,9.885578737359722590e-01,9.834937559367220583e-01,9.784912294474638061e-01,9.651979792417819670e-01,9.623695808985762712e-01,9.593775058054787586e-01,9.552228807761398155e-01,9.513647301060357275e-01,9.508336059709311394e-01,9.499102772792179517e-01,9.458262466349418585e-01,9.442184370816887329e-01,9.432956694146722443e-01,9.424082364419077429e-01,9.409846525893392766e-01,9.405806448335070069e-01,9.976420290058889417e-01,9.951544099000758647e-01,9.946478931974604976e-01,9.941819748877952501e-01,9.861383201404096965e-01,9.815684268563497072e-01,9.792941087218970386e-01,9.638308221912248452e-01,9.620055694851943340e-01,9.532003667757491527e-01,9.468458914052968467e-01,9.442584274712559900e-01,9.413542848439508948e-01,9.406979311750237605e-01,9.404790551532956622e-01
1.000000000000000000e+00,9.980439233396034560e-01,9.887398775125734174e-01,9.837536570665532665e-01,9.788282543595915319e-01,9.656991630359003098e-01,9.628916679342082174e-01,9.599593188651512898e-01,9.558726143092485250e-01,9.520773342244849280e-01,9.515567900875313567e-01,9.506519923306162578e-01,9.466330954391483088e-01,9.450464265370404071e-01,9.441393769851179618e-01,9.432673722426400120e-01,9.418631552611919089e-01,9.414656680172025505e-01,9.976790464823559468e-01,9.952274647877447089e-01,9.947274958921963339e-01,9.942672495845311653e-01,9.863585592294805693e-01,9.818575783656412481e-01,9.796177204924571003e-01,9.643501405639361979e-01,9.625487009848755493e-01,9.538282788962765268e-01,9.475338347526319760e-01,9.449776488836203470e-01,9.421140150138253011e-01,9.414660127853832217e-01,9.412492234804095137e-01
1.000000000000000000e+00,9.979555404919355777e-01,9.882337445362895378e-01,9.830308403544106843e-01,9.778909000100131088e-01,9.643051107126079380e-01,9.614394287942901185e-01,9.583409506680916623e-01,9.540652839035129729e-01,9.500950932071434707e-01,9.495451167555999383e-01,9.485887670733041954e-01,9.443886545797133270e-01,9.427431662419888392e-01,9.417923861884101022e-01,9.408774575995880740e-01,9.394193565088508890e-01,9.390037281980090356e-01,9.975761292203032538e-01,9.950244454458812005e-01,9.945062888254476707e-01,9.940302875244897418e-01,9.857461695503807464e-01,9.810536825953097839e-01,9.787180608710100982e-01,9.629056476060782188e-01,9.610379709311724916e-01,9.520817031595500968e-01,9.456202706525552726e-01,9.429770840218616446e-01,9.400007699864235677e-01,9.393295376067661850e-01,9.391069437680209520e-01
1.000000000000000000e+00,9.978668147096088070e-01,9.877255074167083926e-01,9.823048307683023284e-01,9.769492567161314200e-01,9.629042715883522341e-01,9.599799805038237155e-01,9.567145640626880665e-01,9.522488878968227155e-01,9.481028243115984244e-01,9.475232600000773608e-01,9.465150826713620846e-01,9.421327300876807254e-01,9.404280842064475232e-01,9.394333281579021477e-01,9.384752352169962730e-01,9.369629407561480550e-01,9.365290699144277475e-01,9.974728607894278731e-01,9.948210175821203816e-01,9.942846637344958660e-01,9.937928992831193131e-01,9.851314595300468824e-01,9.802470859335815634e-01,9.778155114716663432e-01,9.614541254737212217e-01,9.595198877551854855e-01,9.503265411804820983e-01,9.436972742324596375e-01,9.409666623359546067e-01,9.378771057341229733e-01,9.371825285920849513e-01,9.369541010248009227e-01
1.000000000000000000e+00,9.978502094158312463e-01,9.876303736443531323e-01,9.821689124773088642e-01,9.767729524113919481e-01,9.626419460944987128e-01,9.597066641013206612e-01,9.564099861343623443e-01,9.519087138733467457e-01,9.477297032852598502e-01,9.471445968694174322e-01,9.461267113330370515e-01,9.417102158591295069e-01,9.399944861181800393e-01,9.389914913087691328e-01,9.380253117168642074e-01,9.365028635443244376e-01,9.360655750652048246e-01,9.974535391629379966e-01,9.947829877138458787e-01,9.942432350057701651e-01,9.937485263366530042e-01,9.850164209420042560e-01,9.800961756740257380e-01,9.776466637713258079e-01,9.611823092657296730e-01,9.592356069358703996e-01,9.499978546811375102e-01,9.433371547701895343e-01,9.405901712058137853e-01,9.374794068540781566e-01,9.367804579195998516e-01,9.365509378030040244e-01
1.000000000000000000e+00,9.978335919922458608e-01,9.875351654135889889e-01,9.820328811437120109e-01,9.765964962068763855e-01,9.623793800843389867e-01,9.594330921704029569e-01,9.561051239555562464e-01,9.515682183996210242e-01,9.473562266215763694e-01,9.467655725764724250e-01,9.457379690378587833e-01,9.412872942633524476e-01,9.395604686439690267e-01,9.385492263483546926e-01,9.375749515573817972e-01,9.360423386791425493e-01,9.356016289563926502e-01,9.974342051179484470e-01,9.947449434161461657e-01,9.942017915142995488e-01,9.937041383412906770e-01,9.849013002857182064e-01,9.799451699491256162e-01,9.774777139552262017e-01,9.609102439456157496e-01,9.589510655141432194e-01,9.496688638211722155e-01,9.429767009226504015e-01,9.402133306281958980e-01,9.370813385674801044e-01,9.363780137733570541e-01,9.361474000712797228e-01
1.000000000000000000e+00,9.978091008407268259e-01,9.873948362063945661e-01,9.818323698224834528e-01,9.763363886619405019e-01,9.619923147651497919e-01,9.590297933036319167e-01,9.556556980136886592e-01,9.510662547892964058e-01,9.468056360461398757e-01,9.462068030731459745e-01,9.451648719693201972e-01,9.406638019565303210e-01,9.389206157957564747e-01,9.378972132085958702e-01,9.369110026914004852e-01,9.353634022873118514e-01,9.349176482250458609e-01,9.974057132388814972e-01,9.946888971876247654e-01,9.941407393949546201e-01,9.936387499439843785e-01,9.847316363275543383e-01,9.797226411072862406e-01,9.772287504665668756e-01,9.605091752780793302e-01,9.585316049122838411e-01,9.491838718915683870e-01,9.424453251824987943e-01,9.396577980626578119e-01,9.364945119328521583e-01,9.357847362953993775e-01,9.355525104057755836e-01
1.000000000000000000e+00,9.977845832458264175e-01,9.872543446462583860e-01,9.816316119646677496e-01,9.760759497899400561e-01,9.616047246908312474e-01,9.586259368882835696e-01,9.552056518212407310e-01,9.505635896888018355e-01,9.462542693170306052e-01,9.456472453509453535e-01,9.445909652919016741e-01,9.400394205100689460e-01,9.382798475534396276e-01,9.372442656156730889e-01,9.362461007004145852e-01,9.346834887538312264e-01,9.342326824748409253e-01,9.973771942901447085e-01,9.946328195267498673e-01,9.940796551201113163e-01,9.935733287703621963e-01,9.845617934624251166e-01,9.794999042134917566e-01,9.769795644575866023e-01,9.601075630957068840e-01,9.581115757176066339e-01,9.486982158467692772e-01,9.419132197841370013e-01,9.391015029606667452e-01,9.359068791909348484e-01,9.351906438316240910e-01,9.349568034924106152e-01
1.000000000000000000e+00,9.977927834211131053e-01,9.873013347789469929e-01,9.816987609547649374e-01,9.761630620214925003e-01,9.617343703037937175e-01,9.587610246577126238e-01,9.553561897016532578e-01,9.507317292683167276e-01,9.464387001566861857e-01,9.458344161179293996e-01,9.447829358831134616e-01,9.402482757376099398e-01,9.384941844809380207e-01,9.374626767206395428e-01,9.364685107288854837e-01,9.349109204296101039e-01,9.344618041905100592e-01,9.973867323501817150e-01,9.946515720687261197e-01,9.941000816568961174e-01,9.935952053775874981e-01,9.846185987721649546e-01,9.795743973913445535e-01,9.770629022603178893e-01,9.602418989607686139e-01,9.582520719343533555e-01,9.488606644374633081e-01,9.420912055895256376e-01,9.392875800328831515e-01,9.361034385679296577e-01,9.353893639461126064e-01,9.351560636352315159e-01
1.000000000000000000e+00,9.978009806342655885e-01,9.873483067237281974e-01,9.817658823236781185e-01,9.762501371300776887e-01,9.618639571152504120e-01,9.588960499491104850e-01,9.555066580763231787e-01,9.508997902352614995e-01,9.466230440139730140e-01,9.460214985500836615e-01,9.449748157417179328e-01,9.404570313165918627e-01,9.387084188164717125e-01,9.376809830969703441e-01,9.366908139354607199e-01,9.351382425909445795e-01,9.346908155086380843e-01,9.973962673780915056e-01,9.946703210909965120e-01,9.941205045931581497e-01,9.936170783149095298e-01,9.846753840413432490e-01,9.796488672667915676e-01,9.771462151413508046e-01,9.603761739219616178e-01,9.583925044367304080e-01,9.490230386076963232e-01,9.422691096284220302e-01,9.394735716537320203e-01,9.362999076101301554e-01,9.355879927307100274e-01,9.353552321946275727e-01
1.000000000000000000e+00,9.977582714621335835e-01,9.871035598799126065e-01,9.814161292123539937e-01,9.757963957784558939e-01,9.611886517126746465e-01,9.581923901669739951e-01,9.547225207560409155e-01,9.500239616999035519e-01,9.456623509743954381e-01,9.450465329872386189e-01,9.439748473063155343e-01,9.393691059661262166e-01,9.375919374365682124e-01,9.365432782422909996e-01,9.355322776466530321e-01,9.339535468644715177e-01,9.334973159331915182e-01,9.973465924479498756e-01,9.945726705084132480e-01,9.940141383190330693e-01,9.935031622200805046e-01,9.843795263257393291e-01,9.792609034156374292e-01,9.767121946925567677e-01,9.596764378110278493e-01,9.576606798405603582e-01,9.481768629156240857e-01,9.413420010824055106e-01,9.385043167686648591e-01,9.352760511531422738e-01,9.345528812139498598e-01,9.343173076978682490e-01
1.000000000000000000e+00,9.977154816201773135e-01,9.868583176378391553e-01,9.810656236324540869e-01,9.753416429927291853e-01,9.605117438971653154e-01,9.574870276825198090e-01,9.539364891255026624e-01,9.491459904857826313e-01,9.446992869798458425e-01,9.440691595852989115e-01,9.429724056377225549e-01,9.382784641811362514e-01,9.364726593292553858e-01,9.354027183769132447e-01,9.343708292479993016e-01,9.327658655767067097e-01,9.323008067076952177e-01,9.972968349479118810e-01,9.944749241195802725e-01,9.939076740444630076e-01,9.933891462410683326e-01,9.840831228419197885e-01,9.788723051083780824e-01,9.762774957583024715e-01,9.589750419811118309e-01,9.569271189137960043e-01,9.473286590097201865e-01,9.404126640437052709e-01,9.375327329332355797e-01,9.342497326041988570e-01,9.335152804754602851e-01,9.332768870668560757e-01
1.000000000000000000e+00,9.977507877254324642e-01,9.870606705906921352e-01,9.813548341216933313e-01,9.757168728797377399e-01,9.610702874510296256e-01,9.580690527023140168e-01,9.545850775151921708e-01,9.498704441124852238e-01,9.454939559926164305e-01,9.448756360779482222e-01,9.437995673937868979e-01,9.391784058591071682e-01,9.373962308833492241e-01,9.363438509299092383e-01,9.353291983161148293e-01,9.337458812690693222e-01,9.332881069142834329e-01,9.973378892882258651e-01,9.945555687333095252e-01,9.939955107970301906e-01,9.934832130473193468e-01,9.843276858447832511e-01,9.791929323404496843e-01,9.766361577347875134e-01,9.595537915218362857e-01,9.575324091895768275e-01,9.480285472540548319e-01,9.411794990598375543e-01,9.383344274950670139e-01,9.350965912151609771e-01,9.343714485005908399e-01,9.341353819147162341e-01
1.000000000000000000e+00,9.977860388752416432e-01,9.872626860468003418e-01,9.816435319612606403e-01,9.760914136685840958e-01,9.616277392159912063e-01,9.586499175864698907e-01,9.552323752050934091e-01,9.505934377861523510e-01,9.462870094899880069e-01,9.456804719203633081e-01,9.446250439361911777e-01,9.400764965856058808e-01,9.383178967668421855e-01,9.372830380930226024e-01,9.362855830820445702e-01,9.347238626022781327e-01,9.342733563455549728e-01,9.973788873799518395e-01,9.946361480900374197e-01,9.940832807992774356e-01,9.935772118212202741e-01,9.845718770508726791e-01,9.795131273820716356e-01,9.769943575379951284e-01,9.601314102266683692e-01,9.581365164276127722e-01,9.487270535692171602e-01,9.419448156751555334e-01,9.391345352042477224e-01,9.359417722494512981e-01,9.352259204626326428e-01,9.349921759891949291e-01
1.000000000000000000e+00,9.978447455585839343e-01,9.875990694493064215e-01,9.821241864983516479e-01,9.767149356507095481e-01,9.625556190269829449e-01,9.596167190265033620e-01,9.563097533854957311e-01,9.517967660307338207e-01,9.476069122497078334e-01,9.470199819203928282e-01,9.459989013752950759e-01,9.415711689153563047e-01,9.398517912507156069e-01,9.388460849429987043e-01,9.378772439179317022e-01,9.363514539558595029e-01,9.359130406845131978e-01,9.974471818854740990e-01,9.947704771640802912e-01,9.942296065538942518e-01,9.937339295174800746e-01,9.849785687181615845e-01,9.800465229209645024e-01,9.775911102363091798e-01,9.610928589812131051e-01,9.591420547363751492e-01,9.498896886277795604e-01,9.432186443754467797e-01,9.404662731494359829e-01,9.373485295588580568e-01,9.366481419255433538e-01,9.364182622611677553e-01
1.000000000000000000e+00,9.979033011259474950e-01,9.879345251940735428e-01,9.826034326097746741e-01,9.773365650278194039e-01,9.634805019712892049e-01,9.605803365050803455e-01,9.573835896951001789e-01,9.529960888202838598e-01,9.489223835121401995e-01,9.483549915721719570e-01,9.473681364067826349e-01,9.430607650775990614e-01,9.413804597832472476e-01,9.404037971029601817e-01,9.394634635343586115e-01,9.379734670761843418e-01,9.375471018479393237e-01,9.975153216854170113e-01,9.949046265280566681e-01,9.943757484544299974e-01,9.938904598021163217e-01,9.853842379690523900e-01,9.805787292213833384e-01,9.781865908843013768e-01,9.620512037600080779e-01,9.601443458919928231e-01,9.510485312535820190e-01,9.444883065015289292e-01,9.417936568309468459e-01,9.387506838917381025e-01,9.380657097301841052e-01,9.378396819629388759e-01
1.000000000000000000e+00,9.979507507775930986e-01,9.882063117947279540e-01,9.829916578886763734e-01,9.778400836812238817e-01,9.642295240880535134e-01,9.613606832968923932e-01,9.582531975166278526e-01,9.539672814782468313e-01,9.499876038646088983e-01,9.494360312243680378e-01,9.484768856583356555e-01,9.442669434954608088e-01,9.426182644602704164e-01,9.416651123844370641e-01,9.407478555408387288e-01,9.392868314862369283e-01,9.388702191814675135e-01,9.975705532122475239e-01,9.950134540217437928e-01,9.944943134909000060e-01,9.940174598863383837e-01,9.857129840199687631e-01,9.810101290925784534e-01,9.786693228373686271e-01,9.628273261423029306e-01,9.609560579997462604e-01,9.519870000907035834e-01,9.455165124114933706e-01,9.428686085074590162e-01,9.398861844775426855e-01,9.392136924987625202e-01,9.389907839073635687e-01
1.000000000000000000e+00,9.979981021455331947e-01,9.884774953443509204e-01,9.833789680627635921e-01,9.783423730675191443e-01,9.649766009611033812e-01,9.621389637761138536e-01,9.591205070643560315e-01,9.549358756884763766e-01,9.510499499343383345e-01,9.505141520075595096e-01,9.495826370065709732e-01,9.454698303372136570e-01,9.438526806400088232e-01,9.429229687969886697e-01,9.420287197364616283e-01,9.405965794330926055e-01,9.401896909666642710e-01,9.976256840962128836e-01,9.951221644403890343e-01,9.946127587297405315e-01,9.941443378357537330e-01,9.860410650724542592e-01,9.814407549249832829e-01,9.791512266290468558e-01,9.636014338069266438e-01,9.617656625328881992e-01,9.529230078793498038e-01,9.465420147446936827e-01,9.439407349263848612e-01,9.410186985987267771e-01,9.403586559503718245e-01,9.401388581661953570e-01
1.000000000000000000e+00,9.979584098285423366e-01,9.882501782574212301e-01,9.830543125438515606e-01,9.779213412378408021e-01,9.643503898721699219e-01,9.614866000401067758e-01,9.583935178282867451e-01,9.541239905766242257e-01,9.501594827367303431e-01,9.496104624436052521e-01,9.486557875635852621e-01,9.444615632034394359e-01,9.428179861381423832e-01,9.418686269672991163e-01,9.409550930443707495e-01,9.394987428505560123e-01,9.390837039697783606e-01,9.975794696630708724e-01,9.950310305224656648e-01,9.945134634109286109e-01,9.940379727668897658e-01,9.857660498238419722e-01,9.810797744356093419e-01,9.787472588230682335e-01,9.629525650390732272e-01,9.610870397829114342e-01,9.521384336538734061e-01,9.456824254807820740e-01,9.430420646684565256e-01,9.400694107244060849e-01,9.393989328886861445e-01,9.391765275970128668e-01
1.000000000000000000e+00,9.979186484968521897e-01,9.880224377234348987e-01,9.827290144860221233e-01,9.774994463023329860e-01,9.637228130309326568e-01,9.608327855689784425e-01,9.576649150169969094e-01,9.533102811769342821e-01,9.492669976252260389e-01,9.487047236673726847e-01,9.477268334287600737e-01,9.434509852355925652e-01,9.417809127696024074e-01,9.408118568740811982e-01,9.398789896954685696e-01,9.383983673830539329e-01,9.379751576718011741e-01,9.975331845572836809e-01,9.949398143839415232e-01,9.944140839581986357e-01,9.939315219216429131e-01,9.854905676128151715e-01,9.807182503885515379e-01,9.783427094413439384e-01,9.623022817432311804e-01,9.604069373133333754e-01,9.513521315545727663e-01,9.448209380779062361e-01,9.421414108464774007e-01,9.391180261143837749e-01,9.384370900279010996e-01,9.382120713537003276e-01
1.000000000000000000e+00,9.978973939964320694e-01,9.879006869580485573e-01,9.825550936329613405e-01,9.772738675750549664e-01,9.633872265462617435e-01,9.604831574320548127e-01,9.572752949624611096e-01,9.528751411971877472e-01,9.487897244183658430e-01,9.482203622587400682e-01,9.472300559266187969e-01,9.429105489069745660e-01,9.412263041615896997e-01,9.402467130559730712e-01,9.393035051142550884e-01,9.378098997858285157e-01,9.373823197640406280e-01,9.975084467367989483e-01,9.948910859237019011e-01,9.943609968238269481e-01,9.938746591337829228e-01,9.853433126449661072e-01,9.805250315427676000e-01,9.781265064130745257e-01,9.619545536128180085e-01,9.600432637393054858e-01,9.509316624232591053e-01,9.443602620785910284e-01,9.416597911539406063e-01,9.386092778001772219e-01,9.379227492058711535e-01,9.376963329898522215e-01
1.000000000000000000e+00,9.978761196651950716e-01,9.877788144866210818e-01,9.823809880486681356e-01,9.770480406549070240e-01,9.630512471873008407e-01,9.601331119319276297e-01,9.568852106596570373e-01,9.524394762697051542e-01,9.483118704829420764e-01,9.477354111059990149e-01,9.467326726984323093e-01,9.423694474535856402e-01,9.406710108236009393e-01,9.396808702740103714e-01,9.387273076244913028e-01,9.372207013469111558e-01,9.367887451316418979e-01,9.974836886116003054e-01,9.948423338578337161e-01,9.943078855367897262e-01,9.938177717236443831e-01,9.851959235022508254e-01,9.803316565724645715e-01,9.779101363648721179e-01,9.616064185719236379e-01,9.596791644932486376e-01,9.505106961855986913e-01,9.438990399590131419e-01,9.411776007510846975e-01,9.380999261940226042e-01,9.374077984523316864e-01,9.371799830030912437e-01
1.000000000000000000e+00,9.978970050494351263e-01,9.878984589029670138e-01,9.825519107572766586e-01,9.772697392435297781e-01,9.633810847355164242e-01,9.604767585600422208e-01,9.572681641688949306e-01,9.528671772417459662e-01,9.487809892923271260e-01,9.482114973997387564e-01,9.472209638182873537e-01,9.429006576899269243e-01,9.412161535394186762e-01,9.402363696036576401e-01,9.392929723910823370e-01,9.377991294257009836e-01,9.373714694125815372e-01,9.975079940725685157e-01,9.948901944199832759e-01,9.943600255912399266e-01,9.938736188369807767e-01,9.853406179807586707e-01,9.805214959567152277e-01,9.781225503258035303e-01,9.619481895907044944e-01,9.600366078872418774e-01,9.509239670687363866e-01,9.443518308510876480e-01,9.416509766201314191e-01,9.385999667582425321e-01,9.379133358105561369e-01,9.376868940166019906e-01
1.000000000000000000e+00,9.979178713236787068e-01,9.880179860356683719e-01,9.827226554452891394e-01,9.774911986538062925e-01,9.637105436749427989e-01,9.608200029784220719e-01,9.576506702855015485e-01,9.532943723243054723e-01,9.492495484555577567e-01,9.486870153589784804e-01,9.477086712017086523e-01,9.434312269463004386e-01,9.417606363813610937e-01,9.407911953420139417e-01,9.398579501276594916e-01,9.383768531919676192e-01,9.379534837115106605e-01,9.975322799673078666e-01,9.949380322379921537e-01,9.944121423749510136e-01,9.939294422275156693e-01,9.854851831619684255e-01,9.807111848954200850e-01,9.783348033435982360e-01,9.622895684741509248e-01,9.603936410655249389e-01,9.513367588947239106e-01,9.448040954513428069e-01,9.421238025000658878e-01,9.390994259345148976e-01,9.384182853823143100e-01,9.381932156136427725e-01
1.000000000000000000e+00,9.979196735218421876e-01,9.880283091025756637e-01,9.827374014714602701e-01,9.775103241689304667e-01,9.637389951002900412e-01,9.608496445276657472e-01,9.576837023951411121e-01,9.533312633515187429e-01,9.492900113128169837e-01,9.487280791319068207e-01,9.477507875642584567e-01,9.434770444027864578e-01,9.418076552520400213e-01,9.408391073193440590e-01,9.399067387288211339e-01,9.384267423920998885e-01,9.380037433990986440e-01,9.975343776398112317e-01,9.949421649267387036e-01,9.944166447923488139e-01,9.939342649184703671e-01,9.854976692498327306e-01,9.807275692193581085e-01,9.783531369793040389e-01,9.623190492905001614e-01,9.604244737518093933e-01,9.513724065655007056e-01,9.448431518258791906e-01,9.421646345032070879e-01,9.391425578998728874e-01,9.384618914833027237e-01,9.382369401975531042e-01
1.000000000000000000e+00,9.979214755777459089e-01,9.880386312964827278e-01,9.827521461726868024e-01,9.775294479040673723e-01,9.637674437083869616e-01,9.608792830841585975e-01,9.577167311759279267e-01,9.533681506148239393e-01,9.493304700063761592e-01,9.487691386765166879e-01,9.477928995839426385e-01,9.435228570907183698e-01,9.418546692136678944e-01,9.408870142856157193e-01,9.399555222189894810e-01,9.384766263527262176e-01,9.380539978050198568e-01,9.975364751666510044e-01,9.949462974461124043e-01,9.944211470364453520e-01,9.939390874327513892e-01,9.855101543751646487e-01,9.807439524231624794e-01,9.783714694166476544e-01,9.623485271889640202e-01,9.604553033856967348e-01,9.514080506717756958e-01,9.448822042845421709e-01,9.422054624141883439e-01,9.391856855395017689e-01,9.385054932109643255e-01,9.382806603960116565e-01
1.000000000000000000e+00,9.979226009568689104e-01,9.880450774524869306e-01,9.827613541274072828e-01,9.775413905058041308e-01,9.637852095397013708e-01,9.608977919968215708e-01,9.577373572384023648e-01,9.533911862245468827e-01,9.493557359067341661e-01,9.487947797980520459e-01,9.478191979574407400e-01,9.435514664570561205e-01,9.418840287510477083e-01,9.409169314867843470e-01,9.399859867921326328e-01,9.385077781476239833e-01,9.380853809358643547e-01,9.975377850759273857e-01,9.949488782670050657e-01,9.944239587612994091e-01,9.939420991757683677e-01,9.855179513118352830e-01,9.807541837658145800e-01,9.783829180839372919e-01,9.623669358039268484e-01,9.604745561477383564e-01,9.514303100206392694e-01,9.449065921175692218e-01,9.422309589998083545e-01,9.392126182778730570e-01,9.385327220120882608e-01,9.383079631809266852e-01
1.000000000000000000e+00,9.979237262758391402e-01,9.880515232384441404e-01,9.827705615175713616e-01,9.775533323467404667e-01,9.638029741576111808e-01,9.609162996214569707e-01,9.577579818745349804e-01,9.534142202269583199e-01,9.493810000329321319e-01,9.488204191186647707e-01,9.478454944825915884e-01,9.435800737963818685e-01,9.419133862015439673e-01,9.409468465582356833e-01,9.400164491935981692e-01,9.385389277158824317e-01,9.381167618222745475e-01,9.975390949237216143e-01,9.949514590171548711e-01,9.944267704138752828e-01,9.939451108451901051e-01,9.855257478433853136e-01,9.807644146415795960e-01,9.783943662536723762e-01,9.623853431591867791e-01,9.604938075881099824e-01,9.514525678070309134e-01,9.449309782233346056e-01,9.422564537791479067e-01,9.392395491082067283e-01,9.385599488841870341e-01,9.383352640312808690e-01
1.000000000000000000e+00,9.979241147645263599e-01,9.880537484821891869e-01,9.827737401279149632e-01,9.775574549490366749e-01,9.638091069031368141e-01,9.609226888643911391e-01,9.577651019574066060e-01,9.534221720724528337e-01,9.493897217631298568e-01,9.488292703739474865e-01,9.478545726187238563e-01,9.435899496721659174e-01,9.419235210306208250e-01,9.409571738893753867e-01,9.400269654741770786e-01,9.385496812201210570e-01,9.381275951822447556e-01,9.975395471182484375e-01,9.949523499718474495e-01,9.944277410842359277e-01,9.939461505684289433e-01,9.855284394061636366e-01,9.807679466153917947e-01,9.783983184751247064e-01,9.623916977922145621e-01,9.605004536182381036e-01,9.514602516922036068e-01,9.449393968509567365e-01,9.422652551457737502e-01,9.392488462313965947e-01,9.385693482075917471e-01,9.383446888936070041e-01
1.000000000000000000e+00,9.979245032497262580e-01,9.880559737032632572e-01,9.827769187022559194e-01,9.775615775017800768e-01,9.638152395670851469e-01,9.609290780196581006e-01,9.577722219428715933e-01,9.534301238070161943e-01,9.493984433700128900e-01,9.488381215039554117e-01,9.478636506260845751e-01,9.435998254058191037e-01,9.419336557131225973e-01,9.409675010707497789e-01,9.400374816018671753e-01,9.385604345674090077e-01,9.381384283839477867e-01,9.975399993096423223e-01,9.949532409258325938e-01,9.944287117543476606e-01,9.939471902918174395e-01,9.855311309458588687e-01,9.807714785655529122e-01,9.784022706726693830e-01,9.623980523407738019e-01,9.605070995599919170e-01,9.514679354735573469e-01,9.449478153643443568e-01,9.422740563930531721e-01,9.392581432283766407e-01,9.385787474033976396e-01,9.383541136279763828e-01
1.000000000000000000e+00,9.978625302000474484e-01,9.877009614084065747e-01,9.822697623498274355e-01,9.769037687638110201e-01,9.628365908509605164e-01,9.599094645515297008e-01,9.566359825514824111e-01,9.521611229253763575e-01,9.480065592976140154e-01,9.474255651494174479e-01,9.464148831602070544e-01,9.420237220991367622e-01,9.403162167271227334e-01,9.393193351661758284e-01,9.383591559540453986e-01,9.368442419668903121e-01,9.364094894099188604e-01,9.974678752477004195e-01,9.948112038124935497e-01,9.942739727830156582e-01,9.937814484842574236e-01,9.851017770049362854e-01,9.802081465507016533e-01,9.777719432410484357e-01,9.613839960944100538e-01,9.594465424758767957e-01,9.502417393975902682e-01,9.436043627688975866e-01,9.408695269394278249e-01,9.377744987256161346e-01,9.370787936540424523e-01,9.368500842091505021e-01
1.000000000000000000e+00,9.978003880026047323e-01,9.873449108466585411e-01,9.817610297813421649e-01,9.762438420744816714e-01,9.618545888143791300e-01,9.588862885212773302e-01,9.554957802126181621e-01,9.508876405768487139e-01,9.466097172391757519e-01,9.460079737974453895e-01,9.449609441731047221e-01,9.404419397830394711e-01,9.386929312190380736e-01,9.376652011266024545e-01,9.366747430290914833e-01,9.351218088600198319e-01,9.346742596663425440e-01,9.973955780129502013e-01,9.946689654889987464e-01,9.941190279550984332e-01,9.936154968312875813e-01,9.846712786363206460e-01,9.796434832178291252e-01,9.771401917192349407e-01,9.603664666968941832e-01,9.583823520612116953e-01,9.490113000144851929e-01,9.422562483346559326e-01,9.394601256798129629e-01,9.362857041897162391e-01,9.355736331751839385e-01,9.353408336171100679e-01
1.000000000000000000e+00,9.977494040766883288e-01,9.870527407897115024e-01,9.813435011225730698e-01,9.757021695783945070e-01,9.610484022916595537e-01,9.580462479034697054e-01,9.545596646029057553e-01,9.498420590034659661e-01,9.454628200124168824e-01,9.448440374895186178e-01,9.437671583822312416e-01,9.391431455889657220e-01,9.373600448958441245e-01,9.363069769597810454e-01,9.352916490741998157e-01,9.337074840037993262e-01,9.332494242643900595e-01,9.973362802212661915e-01,9.945524071275891886e-01,9.939920671477631142e-01,9.934795250829688840e-01,9.843181012359726312e-01,9.791803656738417017e-01,9.766220999321116869e-01,9.595311146319984719e-01,9.575086923723127308e-01,9.480011241118707632e-01,9.411494528788975078e-01,9.383030154343851015e-01,9.350634095583458816e-01,9.343379020827274895e-01,9.341017443290847710e-01
1.000000000000000000e+00,9.976983051102703559e-01,9.867598642311938839e-01,9.809248992951440371e-01,9.751590545326092041e-01,9.602399302081892074e-01,9.572037786402621817e-01,9.536208470180317365e-01,9.487934211260075079e-01,9.443125408138470789e-01,9.436766665905386153e-01,9.425698447075618880e-01,9.378404765392436282e-01,9.360231691622347139e-01,9.349446802302354698e-01,9.339044010936868867e-01,9.322889003273543418e-01,9.318202956749821464e-01,9.972768646829125450e-01,9.944357121674831657e-01,9.938649666166875507e-01,9.933434109280302460e-01,9.839641455392895697e-01,9.787163434209809054e-01,9.761030406777319035e-01,9.586933952642302526e-01,9.566325560994065613e-01,9.469880552558758158e-01,9.400394787731968238e-01,9.371425832389382871e-01,9.338376030506908565e-01,9.330986204136234585e-01,9.328590946036335874e-01
1.000000000000000000e+00,9.976291966205469430e-01,9.863636895464898968e-01,9.803585540902917117e-01,9.744241692370460006e-01,9.591457700146560628e-01,9.560635322980957085e-01,9.523502040696666393e-01,9.473740800620316094e-01,9.427555796729933935e-01,9.420965671109341466e-01,9.409492076238301639e-01,9.360771754697592151e-01,9.342135450220755422e-01,9.331006338760223784e-01,9.320265688452175068e-01,9.303686331586918934e-01,9.298857499881678645e-01,9.971965340916952858e-01,9.942780903173603635e-01,9.936933042534483729e-01,9.931595862810610464e-01,9.834854699819097767e-01,9.780890033589787480e-01,9.754013640482369629e-01,9.575596541840281084e-01,9.554468216483101850e-01,9.456169533859244414e-01,9.385372093337519539e-01,9.355720242410413556e-01,9.321785601494062545e-01,9.314213396466435313e-01,9.311772550620864841e-01
1.000000000000000000e+00,9.975598753503778227e-01,9.859662074147365063e-01,9.797902216885321369e-01,9.736866117021238942e-01,9.580473728313960713e-01,9.549187827851328692e-01,9.510745503783999411e-01,9.459490695717570619e-01,9.411923436234247431e-01,9.405100949175269065e-01,9.393220243987313589e-01,9.343066828919687206e-01,9.323965162520565508e-01,9.312490282185286183e-01,9.301410257625574163e-01,9.284404601771398813e-01,9.279432345613467525e-01,9.971159857742033505e-01,9.941202162838267409e-01,9.935213839930815416e-01,9.929754988314286601e-01,9.830053549819038894e-01,9.774599914000918766e-01,9.746979001039003387e-01,9.564215244511659053e-01,9.542564957561897598e-01,9.442404870127443228e-01,9.370290449291491797e-01,9.339953042561356389e-01,9.305130036000536231e-01,9.297374733763824617e-01,9.294888117056840926e-01
1.000000000000000000e+00,9.974174422226531611e-01,9.851492309509981560e-01,9.786217086001748333e-01,9.721698680288910488e-01,9.557877631510879324e-01,9.525635392465982010e-01,9.484500018813162292e-01,9.430170006766473989e-01,9.379756859801313684e-01,9.372456096860927177e-01,9.359737359418672797e-01,9.306632823327701809e-01,9.286572739015050981e-01,9.274385861126207553e-01,9.262607015573990354e-01,9.244723399977974321e-01,9.239455815543208272e-01,9.969505778798184448e-01,9.937965696204960064e-01,9.931689949356110603e-01,9.925982125372571074e-01,9.820189799458666213e-01,9.761683922631066990e-01,9.732536842517987008e-01,9.540801821890030343e-01,9.518077711111757599e-01,9.414086595362333165e-01,9.339262168426508692e-01,9.307514385562433157e-01,9.270863514215619272e-01,9.262731505041680302e-01,9.260150707560781402e-01
1.000000000000000000e+00,9.972740926730083721e-01,9.843266182330744352e-01,9.774446197879729237e-01,9.706415842859330567e-01,9.535098321467574412e-01,9.501888162047658071e-01,9.458037723537682240e-01,9.400603884042612046e-01,9.347318531804147401e-01,9.339535243716352575e-01,9.325970937581725684e-01,9.269887207536238183e-01,9.248859430800926429e-01,9.235953826366375408e-01,9.223469567538866709e-01,9.204699506010225463e-01,9.199133812186909287e-01,9.967842327145436387e-01,9.934718404121339885e-01,9.928154992297704151e-01,9.922197988987678796e-01,9.810264063058793393e-01,9.748696038562051358e-01,9.718017871368653804e-01,9.517198618199043114e-01,9.493391899441239179e-01,9.385536236104460306e-01,9.307978801375436095e-01,9.274809110922073163e-01,9.236315081320898290e-01,9.227803249515317274e-01,9.225127477025076850e-01
1.000000000000000000e+00,9.972523640937817069e-01,9.842018950880727646e-01,9.772661061389337211e-01,9.704097733521582780e-01,9.531642143413787682e-01,9.498284788325187522e-01,9.454022389503955459e-01,9.396117294182364521e-01,9.342395868193140718e-01,9.334539335846794295e-01,9.320846669695961317e-01,9.264310552749788208e-01,9.243135819137726639e-01,9.230121080793231014e-01,9.217529710657211828e-01,9.198625031405579522e-01,9.193014072505206746e-01,9.967590296578627829e-01,9.934227064819718400e-01,9.927620190539003797e-01,9.921625539614218336e-01,9.808759673755891306e-01,9.746728353345295304e-01,9.715818539078363569e-01,9.513617440120608615e-01,9.489646455844537032e-01,9.381204227050742306e-01,9.303232035404571665e-01,9.269846597212905159e-01,9.231072872153056608e-01,9.222503406235293966e-01,9.219813220930267450e-01
1.000000000000000000e+00,9.972306141221914944e-01,9.840770402814552620e-01,9.770873919984151001e-01,9.701776924786824630e-01,9.528181675413098795e-01,9.494676852161022529e-01,9.450001976309195806e-01,9.391624952358137435e-01,9.337466833894820795e-01,9.329536957425588195e-01,9.315715754110227564e-01,9.258726589880509339e-01,9.237404681147928232e-01,9.224280650586015318e-01,9.211582014050078149e-01,9.192542517359207910e-01,9.186886227952891781e-01,9.967338047298620607e-01,9.933735473428280116e-01,9.927085131149726571e-01,9.921052827852300249e-01,9.807253837673691743e-01,9.744758991986646190e-01,9.713617416718446362e-01,9.510031818134854209e-01,9.485896362384063085e-01,9.376866781635122550e-01,9.298479293330867979e-01,9.264877836878245843e-01,9.225824057465102923e-01,9.217196884325298267e-01,9.214492267564505790e-01
1.000000000000000000e+00,9.972016914518913033e-01,9.839109971289355938e-01,9.768497031473768466e-01,9.698690112600736324e-01,9.523578637089877841e-01,9.489877515428086774e-01,9.444653963094842286e-01,9.385649053264223385e-01,9.330909935439660741e-01,9.322882484272287940e-01,9.308890275863019870e-01,9.251298324139872742e-01,9.229780590497350667e-01,9.216511146243026031e-01,9.203669791809793166e-01,9.184450913119515114e-01,9.178734311669775048e-01,9.967002656948071859e-01,9.933082124391016121e-01,9.926374037010282647e-01,9.920291714447652121e-01,9.805251460708808153e-01,9.742140580461233768e-01,9.710690991250382487e-01,9.505262304549715324e-01,9.480908069203968225e-01,9.371097114858786270e-01,9.292157169175521148e-01,9.258268365643584907e-01,9.218842045736999058e-01,9.210138109248536820e-01,9.207414294908433661e-01
1.000000000000000000e+00,9.971727307699495002e-01,9.837447199775143369e-01,9.766116578753283317e-01,9.695598500787107055e-01,9.518967968669913571e-01,9.485070063203295820e-01,9.439296914671777561e-01,9.379662920872474663e-01,9.324341701835263674e-01,9.316216498146333569e-01,9.302052969186883624e-01,9.243857053706606708e-01,9.222143106381343047e-01,9.208727966450990232e-01,9.195743617865348440e-01,9.176345001394418111e-01,9.170567971356748949e-01,9.966666878018737297e-01,9.932428327801621215e-01,9.925662485527769752e-01,9.919530135292248252e-01,9.803246513107357618e-01,9.739519191840604329e-01,9.707761386782723934e-01,9.500484886939372098e-01,9.475911505534456714e-01,9.365317777819196499e-01,9.285824414136879534e-01,9.251647782092731198e-01,9.211848282923554843e-01,9.203067452967600426e-01,9.200324407869112653e-01
1.000000000000000000e+00,9.971026077481710548e-01,9.833420445245346642e-01,9.760350913951129082e-01,9.688109635079519277e-01,9.507797495813248290e-01,9.473422167183441767e-01,9.426317442559040138e-01,9.365158681407825814e-01,9.308426599229807641e-01,9.300064498710374217e-01,9.285485769744943330e-01,9.225825863807665117e-01,9.203636272532975671e-01,9.189867977880108452e-01,9.176537024929263264e-01,9.156702705338055637e-01,9.150779202921426325e-01,9.965854067042435593e-01,9.930846983975258890e-01,9.923941572955423673e-01,9.917688327645299839e-01,9.798392150553694169e-01,9.733173904729391923e-01,9.700670654107815816e-01,9.488910431419094182e-01,9.463806098714608872e-01,9.351315474083105039e-01,9.270481131562242627e-01,9.235607142270886305e-01,9.194903435365451294e-01,9.185936299941160899e-01,9.183146657911004374e-01
1.000000000000000000e+00,9.970322597292008426e-01,9.829379833955653734e-01,9.754564132209195826e-01,9.680592323560287538e-01,9.496581773956116468e-01,9.461726135054187026e-01,9.413284372178856163e-01,9.350593721801562230e-01,9.292444225924046952e-01,9.283844171633598430e-01,9.268848367464557203e-01,9.207717475517527284e-01,9.185049927685621229e-01,9.170926801173939769e-01,9.157247600791325048e-01,9.136975461570326917e-01,9.130904793610465919e-01,9.965038956546812265e-01,9.929262995314034335e-01,9.922217958205458155e-01,9.915843768577363715e-01,9.793522573359397798e-01,9.726811009691721521e-01,9.693561124543623730e-01,9.477289101319981146e-01,9.451651642326268643e-01,9.337255809134999973e-01,9.255074783592688314e-01,9.219500578732128249e-01,9.177888870876595995e-01,9.168734657341334193e-01,9.165898221335170293e-01
1.000000000000000000e+00,9.971161947490573274e-01,9.834200739800837976e-01,9.761468269196167391e-01,9.689561016378445135e-01,9.509962610210708212e-01,9.475679891873209915e-01,9.428833264813708537e-01,9.367970114420922645e-01,9.311511557017860818e-01,9.303195380481202870e-01,9.288697142483126612e-01,9.229321076479151120e-01,9.207223706606376679e-01,9.193523881135904352e-01,9.180260127162687134e-01,9.160510284795991831e-01,9.154615180066407731e-01,9.966011532919117899e-01,9.931153195650254117e-01,9.924274797064185361e-01,9.918044950012165906e-01,9.799332701328778983e-01,9.734403150769364021e-01,9.702044243945227020e-01,9.491153846798129345e-01,9.466152427454354035e-01,9.354029516975542746e-01,9.273455110358898024e-01,9.238716288709438729e-01,9.198187849689281048e-01,9.189256826254095234e-01,9.186476216501635594e-01
1.000000000000000000e+00,9.971998098859486959e-01,9.839001946371751517e-01,9.768342387642915403e-01,9.698489274198772714e-01,9.523279131572635059e-01,9.489565231851752047e-01,9.444305978481828401e-01,9.385260208623810163e-01,9.330483282172896686e-01,9.322449481565998619e-01,9.308446145278673756e-01,9.250814965920695077e-01,9.229284488340347981e-01,9.216005581052492124e-01,9.203154939036307658e-01,9.183924386495739833e-01,9.178203860155493832e-01,9.966980839914707513e-01,9.933039634944079710e-01,9.926327793237499364e-01,9.920242218650602295e-01,9.805121198070669841e-01,9.741970255592385941e-01,9.710500635529056845e-01,9.504951967070817131e-01,9.480583496280305944e-01,9.370721696754851227e-01,9.291745802825993605e-01,9.257838302329948199e-01,9.218387741630181820e-01,9.209678810288379758e-01,9.206953746774205749e-01
1.000000000000000000e+00,9.971242207389318102e-01,9.834661651894759382e-01,9.762128257250163310e-01,9.690418285714672564e-01,9.511241401995198519e-01,9.477013365810388335e-01,9.430319178959055693e-01,9.369630610000958537e-01,9.313333591210429807e-01,9.305044537271166538e-01,9.290593836652865090e-01,9.231385397729005016e-01,9.209342490265579606e-01,9.195683100757452433e-01,9.182459032651510977e-01,9.162759079314839461e-01,9.156880745498633400e-01,9.966104555146320099e-01,9.931334120860282333e-01,9.924471685666665932e-01,9.918255666164697004e-01,9.799888301283289360e-01,9.735129328104452640e-01,9.702855707839433963e-01,9.492478886055527587e-01,9.467538250496633223e-01,9.355632513781148019e-01,9.275211629580879524e-01,9.240552642056129029e-01,9.200127720060007341e-01,9.191218025307184014e-01,9.188442750186879282e-01
1.000000000000000000e+00,9.970483703764402295e-01,9.830305271607103768e-01,9.755889615659719682e-01,9.682314281507239384e-01,9.499151161061487603e-01,9.464405640089551541e-01,9.416270182942443334e-01,9.353930554216367543e-01,9.296105845279524216e-01,9.287560312035245680e-01,9.272660072046131630e-01,9.211866260273244844e-01,9.189308240936200356e-01,9.175266424129934206e-01,9.161667024369511969e-01,9.141495215704820154e-01,9.135458270507492706e-01,9.965225600565167374e-01,9.929625535128173697e-01,9.922612439722529043e-01,9.916265918005598978e-01,9.794637740368424828e-01,9.728267954773271997e-01,9.695188952406086358e-01,9.479951407479295655e-01,9.454436083519126566e-01,9.340476766623928562e-01,9.258604274325918926e-01,9.223190483520999905e-01,9.181786799500971652e-01,9.172675444938419576e-01,9.169849729613566147e-01
1.000000000000000000e+00,9.971391887277596400e-01,9.835521192691374370e-01,9.763359004337537339e-01,9.692016887999473918e-01,9.513625944947533553e-01,9.479499840614836748e-01,9.433089904316980245e-01,9.372726841859522207e-01,9.316731012644222654e-01,9.308492530419464339e-01,9.294130465316419176e-01,9.235234561072294124e-01,9.213293195438766459e-01,9.199709197694316831e-01,9.186559122922981491e-01,9.166952184697763073e-01,9.161105119882915204e-01,9.966278046747928387e-01,9.931671620059064898e-01,9.924838969226009722e-01,9.918648749063132541e-01,9.800924474374943518e-01,9.736483700900965266e-01,9.704369176780810458e-01,9.494949666331290450e-01,9.470122372512644882e-01,9.358621574544474520e-01,9.278486951772344504e-01,9.243976828547944002e-01,9.203744928622765720e-01,9.194875004512192973e-01,9.192109676510510363e-01
1.000000000000000000e+00,9.972296331411294457e-01,9.840714087911656138e-01,9.770793309354214307e-01,9.701672240344721976e-01,9.528025578231369419e-01,9.494514100763178366e-01,9.449820618482981383e-01,9.391422304371650487e-01,9.337244485450599818e-01,9.329311300312119748e-01,9.315484298431749854e-01,9.258474695494108841e-01,9.237146147037084143e-01,9.224017185905931671e-01,9.211313710199401372e-01,9.192268131298797496e-01,9.186609796874032341e-01,9.967326670884942841e-01,9.933713306824535350e-01,9.927061004903283692e-01,9.921027004146616424e-01,9.807185921306309506e-01,9.744670174758924830e-01,9.713518149152083891e-01,9.509870075448489946e-01,9.485727200555522654e-01,9.376671123747298831e-01,9.298264901364088342e-01,9.264653700545063542e-01,9.225587287968420869e-01,9.216957511693962823e-01,9.214252243931282393e-01
1.000000000000000000e+00,9.972185906558367341e-01,9.840080162602058422e-01,9.769885875075805526e-01,9.700493793539948228e-01,9.526268333970157043e-01,9.492681934867380766e-01,9.447778992292594769e-01,9.389140994500324577e-01,9.334741389237458664e-01,9.326770955908576521e-01,9.312878674898403819e-01,9.255638971841250173e-01,9.234235672469984779e-01,9.221051202854494422e-01,9.208293247671741621e-01,9.189179194460799227e-01,9.183497837194570801e-01,9.967198615582437693e-01,9.933463819365746517e-01,9.926789463815284265e-01,9.920736360022496259e-01,9.806421420559867652e-01,9.743670433830412536e-01,9.712400789267926493e-01,9.508049277797498977e-01,9.483822882554874267e-01,9.374468521471523985e-01,9.295851399039712915e-01,9.262130501855010412e-01,9.222921871375177050e-01,9.214262790417673266e-01,9.211550193977177114e-01
1.000000000000000000e+00,9.972075426427400302e-01,9.839445897011442899e-01,9.768977922515124090e-01,9.699314648831599550e-01,9.524509980310056356e-01,9.490848589020411952e-01,9.445736052458537646e-01,9.386858196843501645e-01,9.332236645088707316e-01,9.324228937722979227e-01,9.310271331732332678e-01,9.252801357598555709e-01,9.231323250810677949e-01,9.218083231728160243e-01,9.205270756919093911e-01,9.186088177690907575e-01,9.180383780644993941e-01,9.967070503774163592e-01,9.933214266844886398e-01,9.926517856245374860e-01,9.920445648197274702e-01,9.805656545981698002e-01,9.742670259948710276e-01,9.711282967063344929e-01,9.506227330923787688e-01,9.481917362055414245e-01,9.372264513208782288e-01,9.293436351083753655e-01,9.259605687547376451e-01,9.220254746308416127e-01,9.211566341752813747e-01,9.208846411811406618e-01
1.000000000000000000e+00,9.972659004014936546e-01,9.842795952188575503e-01,9.773773181347286121e-01,9.705541900800208621e-01,9.533795351283449460e-01,9.500529709992342475e-01,9.456523964130941762e-01,9.398912472686782316e-01,9.345462730831136655e-01,9.337651830893557436e-01,9.324039135448533022e-01,9.267784868275799059e-01,9.246701693369997477e-01,9.233754948405697993e-01,9.221230311481364295e-01,9.202409503235347010e-01,9.196826745676166537e-01,9.967747301246673297e-01,9.934533128544685843e-01,9.927953325813312357e-01,9.921982124530278613e-01,9.809696862923863447e-01,9.747954136561682859e-01,9.717188618680151491e-01,9.515848523187534491e-01,9.491979876993956733e-01,9.383903086833460527e-01,9.306189292732407470e-01,9.272938266255399409e-01,9.234338793557838043e-01,9.225805234024070378e-01,9.223124028027641641e-01
1.000000000000000000e+00,9.973241045400312865e-01,9.846136553083737475e-01,9.778554044241167809e-01,9.711749770978389540e-01,9.543049922526704032e-01,9.510178075543315179e-01,9.467275411309566957e-01,9.410925455083056779e-01,9.358643082394222379e-01,9.351028273116279710e-01,9.337759216764670578e-01,9.282715917039261466e-01,9.262026107737391101e-01,9.249371500741749852e-01,9.237133588634199866e-01,9.218673118073095196e-01,9.213211530427284357e-01,9.968422528111047232e-01,9.935850179872924848e-01,9.929386945213197757e-01,9.923516716522358116e-01,9.813726790358500152e-01,9.753225975737750408e-01,9.723081414322936045e-01,9.525437810463269761e-01,9.502009008436473891e-01,9.395502631199357246e-01,9.318899330700681771e-01,9.286225999360707695e-01,9.248375418973687756e-01,9.239996179658608311e-01,9.237353563799128864e-01
1.000000000000000000e+00,9.973118151996955838e-01,9.845431264546244954e-01,9.777544750154096853e-01,9.710439276488193050e-01,9.541096420449796112e-01,9.508141502658074007e-01,9.465005997321119802e-01,9.408389801737427893e-01,9.355861060551112773e-01,9.348204864728717478e-01,9.334863281791152545e-01,9.279564423286588148e-01,9.258791601541871419e-01,9.246075342063456715e-01,9.233776919690831475e-01,9.215240406485755154e-01,9.209753247133717347e-01,9.968279941801924116e-01,9.935571956904150070e-01,9.929084087620406729e-01,9.923192520112529280e-01,9.812875882828181462e-01,9.752112713501861485e-01,9.721836974154892674e-01,9.523413654077327317e-01,9.499892008683841205e-01,9.393054175228809921e-01,9.316216480739123451e-01,9.283421208101294564e-01,9.245412554558630758e-01,9.237000741455105857e-01,9.234349980232967603e-01
1.000000000000000000e+00,9.972995190409021937e-01,9.844725556462972094e-01,9.776534817378009778e-01,9.709127922237936748e-01,9.539141552511705147e-01,9.506103477301833804e-01,9.462734966487252875e-01,9.405852317631571147e-01,9.353077011240876759e-01,9.345379397120872067e-01,9.331965231274224060e-01,9.276410604084612821e-01,9.255554700535437718e-01,9.242776738257316715e-01,9.230417756324922340e-01,9.211805137005284472e-01,9.206292385150905977e-01,9.968137285773628342e-01,9.935293653522503377e-01,9.928781147839975674e-01,9.922868239991112782e-01,9.812024514140231801e-01,9.750998916790665216e-01,9.720591963095907007e-01,9.521388082831304667e-01,9.497773528528885567e-01,9.390603988633141608e-01,9.313531728438592117e-01,9.280614428431117613e-01,9.242447587557163224e-01,9.234003177405896157e-01,9.231344264891105933e-01
1.000000000000000000e+00,9.973285960872212419e-01,9.846394317147166841e-01,9.778922904646428771e-01,9.712228701624767702e-01,9.543763824434023935e-01,9.510922328341995247e-01,9.468104754855758420e-01,9.411852088154381013e-01,9.359659744065947917e-01,9.352060058685446320e-01,9.338817505577150513e-01,9.283867591329323377e-01,9.263208115877392679e-01,9.250576037816546915e-01,9.238360237279171772e-01,9.219927553727755853e-01,9.214475310465365387e-01,9.968474643349798381e-01,9.935951884122472544e-01,9.929497655968131387e-01,9.923635228827366594e-01,9.814037785477565112e-01,9.753632875090993970e-01,9.723536266065851974e-01,9.526177532892460276e-01,9.502782660060987707e-01,9.396397407980927596e-01,9.319879764169086700e-01,9.287250995737628134e-01,9.249458181839365079e-01,9.241090846404834691e-01,9.238451207187167169e-01
1.000000000000000000e+00,9.973576350663487800e-01,9.848060735693154877e-01,9.781307426698450103e-01,9.715324682022759006e-01,9.548378473211616146e-01,9.515733073089680527e-01,9.473465519748578423e-01,9.417841641770722250e-01,9.366231162577673963e-01,9.358729228782836085e-01,9.345657974186358796e-01,9.291311601909676421e-01,9.270848167630812986e-01,9.258361693094550038e-01,9.246288798962072342e-01,9.228035697121123038e-01,9.222643846439707582e-01,9.968811611671652972e-01,9.936609665662984314e-01,9.930213705111787803e-01,9.924401750156810476e-01,9.816048482154641208e-01,9.756263849051332038e-01,9.726477381218469054e-01,9.530959086367676303e-01,9.507783529252618049e-01,9.402181168743445339e-01,9.326217183154671408e-01,9.293876466008329507e-01,9.256457041993313428e-01,9.248166651488978207e-01,9.245546252479923677e-01
1.000000000000000000e+00,9.974243461528494725e-01,9.851888395712184998e-01,9.786783720952156873e-01,9.722434271928975802e-01,9.558973755324062793e-01,9.526777994647471770e-01,9.485773263029919633e-01,9.431592510770993032e-01,9.381317489426449496e-01,9.374039935738757157e-01,9.361361867478126264e-01,9.308400582234513942e-01,9.288387024207317433e-01,9.276234706501524929e-01,9.264489781267906121e-01,9.246648785896439682e-01,9.241395536394646504e-01,9.969585925318039665e-01,9.938122344102490180e-01,9.931860492392563522e-01,9.926164704614219847e-01,9.820667875354741616e-01,9.762309723218824953e-01,9.733236506935273313e-01,9.541937592311534599e-01,9.519265573800047564e-01,9.415460354606268734e-01,9.340767411643154938e-01,9.309088047357781948e-01,9.272525855241082748e-01,9.264412121258243094e-01,9.261835893118143259e-01
1.000000000000000000e+00,9.974908581626223958e-01,9.855703812326386259e-01,9.792241387189785096e-01,9.729518795324699765e-01,9.569529242958667581e-01,9.537780606670825945e-01,9.498033915508032887e-01,9.445290072943788307e-01,9.396344794185859106e-01,9.389290697805726671e-01,9.377004179229372349e-01,9.325421884771921688e-01,9.305856188997635448e-01,9.294036566878181027e-01,9.282618178986707935e-01,9.265187447282388078e-01,9.260072195023836272e-01,9.970358202875971854e-01,9.939632670659936942e-01,9.933504875397439760e-01,9.927925209808775575e-01,9.825273803085950997e-01,9.768339979088095371e-01,9.739978945205732819e-01,9.552874877297102829e-01,9.530704489558593506e-01,9.428689131872949325e-01,9.355262235977523932e-01,9.324241720099247788e-01,9.288533438424759758e-01,9.280595684289917324e-01,9.278063454526700449e-01
1.000000000000000000e+00,9.975283517946400558e-01,9.857854249365451960e-01,9.795316938971868614e-01,9.733510741617831252e-01,9.575475921649584388e-01,9.543978821678279489e-01,9.504940861659675333e-01,9.453006189078672072e-01,9.404809747485510796e-01,9.397881506263454643e-01,9.385815506908359307e-01,9.335009709932303723e-01,9.315696186607951290e-01,9.304063906616301116e-01,9.292829394277168920e-01,9.275629665794213885e-01,9.270592121246454820e-01,9.970793665856684251e-01,9.940485010538603339e-01,9.934432937423973708e-01,9.928918863944918849e-01,9.827870361128471233e-01,9.771740371274514336e-01,9.743781268046581845e-01,9.559036656279803479e-01,9.537148866953361059e-01,9.436141638469655035e-01,9.363427903667577157e-01,9.332778557021146337e-01,9.297551301937628798e-01,9.289712684554732869e-01,9.287205239459661588e-01
1.000000000000000000e+00,9.975657827867507876e-01,9.860000835732378732e-01,9.798386635116410615e-01,9.737494811051339294e-01,9.581410103370916476e-01,9.550163752294871244e-01,9.511833024173804718e-01,9.460705574239324234e-01,9.413256179559885695e-01,9.406453504374115981e-01,9.394607511517321097e-01,9.344576303151795882e-01,9.325514321779708737e-01,9.314068926395627779e-01,9.303017841384016995e-01,9.286048539259867951e-01,9.281088513328300538e-01,9.971228488028973658e-01,9.941336609212764186e-01,9.935360241594151098e-01,9.929911745927595401e-01,9.830462681918568091e-01,9.775135845306298643e-01,9.747578334616693319e-01,9.565185490648412392e-01,9.543579701114043301e-01,9.443578318737905208e-01,9.371576178368260512e-01,9.341297215407365906e-01,9.306549945321673789e-01,9.298810252476665816e-01,9.296327537961630583e-01
1.000000000000000000e+00,9.976414822423390616e-01,9.864341250630596081e-01,9.804592526340751846e-01,9.745548417073867098e-01,9.593403451175885888e-01,9.562663092879315485e-01,9.525761697356830426e-01,9.476264947895527424e-01,9.430324727004504304e-01,9.423775754340026900e-01,9.412374259591935743e-01,9.363907705393280656e-01,9.345353801890599055e-01,9.334285919096144690e-01,9.323605365391727240e-01,9.307101492945634158e-01,9.302298059049254331e-01,9.972108125472732842e-01,9.943060942728794149e-01,9.937238015049254525e-01,9.931922432917764665e-01,9.835705630615527717e-01,9.782005086059423205e-01,9.755260760858417424e-01,9.577612678585097905e-01,9.556576814344115434e-01,9.458607811583190639e-01,9.388043643308833230e-01,9.358513233162627509e-01,9.324735950842759635e-01,9.317196179187838823e-01,9.314763440709313835e-01
1.000000000000000000e+00,9.977169281792832578e-01,9.868666088722065632e-01,9.810774743757235683e-01,9.753570189562216219e-01,9.605346328911027465e-01,9.575108793850266586e-01,9.539630685902549256e-01,9.491756793062454678e-01,9.447318535741284773e-01,9.441022100882852097e-01,9.430063039001603808e-01,9.383153454136120564e-01,9.365105090777324781e-01,9.354412878780832274e-01,9.344101052011737352e-01,9.328060287571257048e-01,9.323412684490347546e-01,9.972985168724716187e-01,9.944782270972337690e-01,9.939112715067609516e-01,9.933929987948713070e-01,9.840931428840925532e-01,9.788854405048048601e-01,9.762921889353279870e-01,9.589987590032802434e-01,9.569519235760931553e-01,9.473573405529016611e-01,9.404440891624553656e-01,9.375655865951237899e-01,9.342844371277082560e-01,9.335503665025551845e-01,9.333120684498661390e-01
1.000000000000000000e+00,9.977831612219665303e-01,9.872461957834409718e-01,9.816199670579223158e-01,9.760608427475930826e-01,9.615822411284314919e-01,9.586025094063971297e-01,9.551795449289134377e-01,9.505344301382588901e-01,9.462222843833746344e-01,9.456147852390197617e-01,9.445576727563895769e-01,9.400031996579899518e-01,9.382426760005921906e-01,9.372063874763243430e-01,9.362075290262964478e-01,9.346440461670648681e-01,9.341929467839964474e-01,9.973755403006343556e-01,9.946295679078102081e-01,9.940761132606447115e-01,9.935695354948811397e-01,9.845519426844844268e-01,9.794869864329512898e-01,9.769651130571557207e-01,9.600842661371149500e-01,9.580872104091714414e-01,9.486700434101068558e-01,9.418823528028409386e-01,9.390692327640962622e-01,9.358727911059099291e-01,9.351561810229566118e-01,9.349222470294017429e-01
1.000000000000000000e+00,9.978492014200772697e-01,9.876245985529629179e-01,9.821606613493587545e-01,9.767622494193167748e-01,9.626260205057164399e-01,9.596900711039046961e-01,9.563914952707417427e-01,9.518880618502535418e-01,9.477070509459152303e-01,9.471216080587311348e-01,9.461031331154748925e-01,9.416845646876670362e-01,9.399681619940726263e-01,9.389646669778881627e-01,9.379979964149033345e-01,9.364749317638474402e-01,9.360374357872786044e-01,9.974523663314064370e-01,9.947806796054976530e-01,9.942407206445714740e-01,9.937458333117439313e-01,9.850094377858675809e-01,9.800870154015882685e-01,9.776364148448947189e-01,9.611658075060512951e-01,9.592183484567828877e-01,9.499779002679135109e-01,9.433152920461083113e-01,9.405673145681249236e-01,9.374552626929139043e-01,9.367560483482314515e-01,9.365264619026609783e-01
1.000000000000000000e+00,9.978976488182370597e-01,9.879021466850813615e-01,9.825571789159170955e-01,9.772765722783666176e-01,9.633912503893237167e-01,9.604873496888429729e-01,9.572799667419032987e-01,9.528803588261386404e-01,9.487954472830514296e-01,9.482261701186012193e-01,9.472360126699389538e-01,9.429170291895192513e-01,9.412329543943643850e-01,9.402534896221941274e-01,9.393104056820462677e-01,9.378169560423581519e-01,9.373894284272180633e-01,9.975087433039736551e-01,9.948916700036152250e-01,9.943616331393984042e-01,9.938753406978929616e-01,9.853450780768364670e-01,9.805273479152561977e-01,9.781290982822874458e-01,9.619587230389839982e-01,9.600476243595458259e-01,9.509367040786920189e-01,9.443657858451397491e-01,9.416655660458347343e-01,9.386153779821112542e-01,9.379289164452017102e-01,9.377025169867062582e-01
1.000000000000000000e+00,9.979459935153027761e-01,9.881790645143350149e-01,9.829527397757827911e-01,9.777896097666183284e-01,9.641544456067047131e-01,9.612824667767885245e-01,9.581660338963132739e-01,9.538699371185654918e-01,9.498808360447328347e-01,9.493276779109717234e-01,9.483657551854011158e-01,9.441460490234088176e-01,9.424942005910885712e-01,9.415386923450387302e-01,9.406191228075344579e-01,9.391551953034552591e-01,9.387376055817983067e-01,9.975650151228757645e-01,9.950025381645907219e-01,9.944824205661979555e-01,9.940047205858157930e-01,9.856800234948284167e-01,9.809668718898585382e-01,9.786209167589303703e-01,9.627495312163339980e-01,9.608746957460467808e-01,9.518929334378298801e-01,9.454134513654889327e-01,9.427608618979413935e-01,9.397723689089169108e-01,9.390986257944690108e-01,9.388754045636830137e-01
1.000000000000000000e+00,9.979936952840859909e-01,9.884522587245722081e-01,9.833429268375009080e-01,9.782956342108131143e-01,9.649070891247645276e-01,9.620665502671105207e-01,9.590398098397855398e-01,9.548457559471220657e-01,9.509511083681938537e-01,9.504138428282163931e-01,9.494797572346277414e-01,9.453579142876107344e-01,9.437378315599549428e-01,9.428059391084601115e-01,9.419095496640670362e-01,9.404747224313080300e-01,9.400669293667727189e-01,9.976205526369106291e-01,9.951120424963992850e-01,9.946017300577186804e-01,9.941325237168875395e-01,9.860105308006353875e-01,9.814006727328971058e-01,9.791063699411992616e-01,9.635294068491226938e-01,9.616903327826004100e-01,9.528359179433359971e-01,9.464465981753965584e-01,9.438409802246138236e-01,9.409133252816932469e-01,9.402521243020409702e-01,9.400320370836501294e-01
1.000000000000000000e+00,9.980412979290761433e-01,9.887248448456377181e-01,9.837321913489208702e-01,9.788004195624608883e-01,9.656577723717890693e-01,9.628485516312399461e-01,9.599112700388312547e-01,9.558189568265388347e-01,9.520184850544662902e-01,9.514970672182834210e-01,9.505907391873639201e-01,9.465664638545340237e-01,9.449780492829437106e-01,9.440697017939593261e-01,9.431964230496809876e-01,9.417906068645838236e-01,9.413925811818173450e-01,9.976759886381323383e-01,9.952214286757191664e-01,9.947209186401482217e-01,9.942602035725380816e-01,9.863403674093008666e-01,9.818336926831445766e-01,9.795909875371143771e-01,9.643072522249636069e-01,9.625038460259363049e-01,9.537764226691289871e-01,9.474770209554999045e-01,9.449182519652445933e-01,9.420512727117554830e-01,9.414025807797492540e-01,9.411856191460001853e-01
1.000000000000000000e+00,9.982137441019978130e-01,9.897119843239735593e-01,9.851414198111617671e-01,9.806275069453391779e-01,9.683739242041065065e-01,9.656776886573953389e-01,9.630640928905370712e-01,9.593396026043999880e-01,9.558796217091407588e-01,9.554155161683368647e-01,9.546095639544769362e-01,9.509379774943750308e-01,9.494640242568825883e-01,9.486407916508220461e-01,9.478510590356749033e-01,9.465501015409352181e-01,9.461873857801605947e-01,9.978769280736915492e-01,9.956186063981585788e-01,9.951537538575035979e-01,9.947239270643331022e-01,9.875353736416110362e-01,9.834033623076433583e-01,9.813480140361113824e-01,9.671216913781945923e-01,9.654473373541321291e-01,9.571791999778807014e-01,9.512050670166516397e-01,9.488158080259077032e-01,9.461683369830751200e-01,9.455649025848895661e-01,9.453592479398457149e-01
1.000000000000000000e+00,9.983849146087703241e-01,9.906913057694227698e-01,9.865388002797498279e-01,9.824386925455762531e-01,9.710649526726482517e-01,9.684801503801977463e-01,9.661872555171794330e-01,9.628267341712021254e-01,9.597037036194341342e-01,9.592963377647087952e-01,9.585897466152405455e-01,9.552670829274234610e-01,9.539063487167286359e-01,9.531673286561187508e-01,9.524602581635402965e-01,9.512630232218381998e-01,9.509352444389316261e-01,9.980765604374632893e-01,9.960142583428017726e-01,9.955850270856670958e-01,9.951860574850635022e-01,9.887217476672980343e-01,9.849629671884279070e-01,9.830942649398288768e-01,9.699101116361443786e-01,9.683636132252645412e-01,9.605502123326479236e-01,9.548982267613097541e-01,9.526769110668126261e-01,9.502468735985079018e-01,9.496882738866303519e-01,9.494938185566563771e-01
1.000000000000000000e+00,9.984082503034270584e-01,9.908247773179423845e-01,9.867291965643715246e-01,9.826854295059659350e-01,9.714314371951092708e-01,9.688617720468518657e-01,9.666125537352840968e-01,9.633015663899856529e-01,9.602243948869571000e-01,9.598247531075616568e-01,9.591316872519068948e-01,9.558565045818769867e-01,9.545111755660511399e-01,9.537836155612520184e-01,9.530877942661066804e-01,9.519046725336589576e-01,9.515816482528248743e-01,9.981037901513790667e-01,9.960683063612379984e-01,9.956439488837770524e-01,9.952492012521143572e-01,9.888835021830085781e-01,9.851757070132726168e-01,9.833325020318536280e-01,9.702898608153067705e-01,9.687607746182250734e-01,9.610092804819823087e-01,9.554011590574357227e-01,9.532027154095153998e-01,9.508022865317676819e-01,9.502497924701132082e-01,9.500568621234598554e-01
1.000000000000000000e+00,9.984315626943057742e-01,9.909581061725463158e-01,9.869193768092665575e-01,9.829318766932212403e-01,9.717974644426371489e-01,9.692429083473629303e-01,9.670373124057125569e-01,9.637757892196719967e-01,9.607444126168699361e-01,9.603524845339496130e-01,9.596729255826553784e-01,9.564451557396124182e-01,9.551152094329171671e-01,9.543990931472938755e-01,9.537145050447988215e-01,9.525454759598773746e-01,9.522271994290032460e-01,9.981309959774631313e-01,9.961223264251165554e-01,9.957028420543864167e-01,9.953123158140985138e-01,9.890450989979725493e-01,9.853882627409078498e-01,9.835705419309205277e-01,9.706691364431960789e-01,9.691574407173856320e-01,9.614677707402844442e-01,9.559034567957869211e-01,9.537278567436050514e-01,9.513569987952773532e-01,9.508106027070255539e-01,9.506191953893721180e-01
1.000000000000000000e+00,9.984421950117513544e-01,9.910189116921175323e-01,9.870061056497112517e-01,9.830442619788178904e-01,9.719643719419956973e-01,9.694167024874866812e-01,9.672309983455454896e-01,9.639920280342136882e-01,9.609815315003986669e-01,9.605931205989813870e-01,9.599197202622749003e-01,9.567135675909508308e-01,9.553906346816027906e-01,9.546797360296567225e-01,9.540002695840329450e-01,9.528376657348750500e-01,9.525215538951058436e-01,9.981434051095736670e-01,9.961469725333650382e-01,9.957297120811531288e-01,9.953411123406695760e-01,9.891188013603797735e-01,9.854852145788572937e-01,9.836791206927570919e-01,9.708420852623222963e-01,9.693383195430697041e-01,9.616768394563203204e-01,9.561325009742521752e-01,9.539673175750653655e-01,9.516099436609120055e-01,9.510663282142991504e-01,9.508756153770899777e-01
1.000000000000000000e+00,9.984528224984676736e-01,9.910796876357311769e-01,9.870927897182659727e-01,9.831565872178643639e-01,9.721311847023680341e-01,9.695903960734827409e-01,9.674245725111361160e-01,9.642081406149300982e-01,9.612185108696277291e-01,9.608336150008922605e-01,9.601663694715593111e-01,9.569818198560763323e-01,9.556658956896639801e-01,9.549602112896812267e-01,9.542858631879096443e-01,9.531296803184470257e-01,9.528157317720834518e-01,9.981558092898390466e-01,9.961716128464362940e-01,9.957565761732496412e-01,9.953699028128530912e-01,9.891924710325524783e-01,9.855821282490865309e-01,9.837876585695131126e-01,9.710149359711727213e-01,9.695190957551375055e-01,9.618857884532121538e-01,9.563614136983560332e-01,9.542066410600203996e-01,9.518627433808721783e-01,9.513219069860990862e-01,9.511318882246271311e-01
1.000000000000000000e+00,9.984538241018403593e-01,9.910854154549496586e-01,9.871009591113638626e-01,9.831671730150305377e-01,9.721469052463933558e-01,9.696067649728283833e-01,9.674428149730579518e-01,9.642285070265248503e-01,9.612408437075372625e-01,9.608562790899486394e-01,9.601896135776766261e-01,9.570070997533537405e-01,9.556918360608067653e-01,9.549866430337294876e-01,9.543127772671521347e-01,9.531571994836826045e-01,9.528434547988122727e-01,9.981569783757203718e-01,9.961739353880608716e-01,9.957591083431464041e-01,9.953726165762684097e-01,9.891994141819676623e-01,9.855912623259374117e-01,9.837978883192858293e-01,9.710312255384172531e-01,9.695361322269105964e-01,9.619054798898619696e-01,9.563829865093612659e-01,9.542291949890441272e-01,9.518865673116698733e-01,9.513459928159826440e-01,9.511560394641239702e-01
1.000000000000000000e+00,9.984548256623211326e-01,9.910911430115876275e-01,9.871091281070053514e-01,9.831777582791710879e-01,9.721626249495178840e-01,9.696231329796844989e-01,9.674610564429180215e-01,9.642488723177579102e-01,9.612631753072482521e-01,9.608789419217397265e-01,9.602128563927458949e-01,9.570323782343362895e-01,9.557177749743583917e-01,9.550130732901814801e-01,9.543396898294030928e-01,9.531847170941650793e-01,9.528711762583866873e-01,9.981581474176295377e-01,9.961762578781910848e-01,9.957616404603043536e-01,9.953753302858765473e-01,9.892063570411205875e-01,9.856003960638377581e-01,9.838081177059538884e-01,9.710475142348393707e-01,9.695531677878931331e-01,9.619251702639205481e-01,9.564045581536312346e-01,9.542517476990409753e-01,9.519103899542273872e-01,9.513700773435174174e-01,9.511801893976806754e-01
1.000000000000000000e+00,9.984550547693806788e-01,9.910924531883099631e-01,9.871109967588833634e-01,9.831801796482014799e-01,9.721662208096172320e-01,9.696268771359786154e-01,9.674652291513426983e-01,9.642535308452842013e-01,9.612682836233086281e-01,9.608841260064850953e-01,9.602181731474671578e-01,9.570381606424892551e-01,9.557237084546987838e-01,9.550191191639997301e-01,9.543458460294926837e-01,9.531910116974323666e-01,9.528775174916381818e-01,9.981584148369385678e-01,9.961767891547793630e-01,9.957622196901825262e-01,9.953759510559887502e-01,9.892079452218381919e-01,9.856024854146306913e-01,9.838104576897114262e-01,9.710512402514325236e-01,9.695570646487083888e-01,9.619296744081382577e-01,9.564094926352856296e-01,9.542569065981347798e-01,9.519158393484385972e-01,9.513755866435366082e-01,9.511857136592229978e-01
1.000000000000000000e+00,9.984552838772490224e-01,9.910937633687492143e-01,9.871128654148610959e-01,9.831826010216003775e-01,9.721698166736204572e-01,9.696306212954536319e-01,9.674694018634487636e-01,9.642581893762522949e-01,9.612733919426377227e-01,9.608893100945115062e-01,9.602234899054695738e-01,9.570439430535752079e-01,9.557296419378247254e-01,9.550251650405315873e-01,9.543520022322277141e-01,9.531973063032139759e-01,9.528838587273765759e-01,9.981586822575102547e-01,9.961773204357534661e-01,9.957627989250203981e-01,9.953765718315580324e-01,9.892095334085286851e-01,9.856045747755258768e-01,9.838127976856464452e-01,9.710549662720974196e-01,9.695609615137795734e-01,9.619341785567601111e-01,9.564144271216282744e-01,9.542620655021701870e-01,9.519212887478393226e-01,9.513810959488054886e-01,9.511912379260260009e-01
1.000000000000000000e+00,9.984334235351032261e-01,9.909687483387625839e-01,9.869345562553435425e-01,9.829515467257288197e-01,9.718266775296537929e-01,9.692733269106884597e-01,9.670712125383925661e-01,9.638136368029861512e-01,9.607859148503797853e-01,9.603946023753341388e-01,9.597161213618647935e-01,9.564921352110323793e-01,9.551634164772150326e-01,9.544482134415093189e-01,9.537645217895042160e-01,9.525966173294562189e-01,9.522787196871922433e-01,9.981331677422079496e-01,9.961266395331198620e-01,9.957075443239526980e-01,9.953173552001054469e-01,9.890579981379870045e-01,9.854052305766888287e-01,9.835895444955782274e-01,9.706994069117269586e-01,9.691890991403312450e-01,9.615043631959151460e-01,9.559435454976754620e-01,9.537697686250972140e-01,9.514012707386435563e-01,9.508553613347312528e-01,9.506640755697037815e-01
1.000000000000000000e+00,9.984115427230364492e-01,9.908436079826554721e-01,9.867560573761611220e-01,9.827202379816970534e-01,9.714831369190858323e-01,9.689156064149839764e-01,9.666725495500280152e-01,9.633685492839489939e-01,9.602978465264877528e-01,9.598992943172942605e-01,9.592081363434480368e-01,9.559396510661385404e-01,9.545964949872136618e-01,9.538705514802212626e-01,9.531763169427830418e-01,9.519951859128737981e-01,9.516728322802399109e-01,9.981076322423514391e-01,9.960759340626839098e-01,9.956522645621307399e-01,9.952581128989859138e-01,9.889063243427016481e-01,9.852057246379641864e-01,9.833661180484591924e-01,9.703434317975032641e-01,9.688168019282087373e-01,9.610740405039867040e-01,9.554721068084937041e-01,9.532768897115970752e-01,9.508806376395878557e-01,9.503290048931070100e-01,9.501362896706490035e-01
1.000000000000000000e+00,9.984102966419263758e-01,9.908364811684053919e-01,9.867458914331190822e-01,9.827070641295068132e-01,9.714635703533287536e-01,9.688952319814796432e-01,9.666498432203468605e-01,9.633431986041517403e-01,9.602700476654210116e-01,9.598710830931519444e-01,9.591792030552676041e-01,9.559081830663452850e-01,9.545642046132586378e-01,9.538376493222709973e-01,9.531428142562801131e-01,9.519609298209107395e-01,9.516383223729419916e-01,9.981061781195289528e-01,9.960730471476857417e-01,9.956491172588742833e-01,9.952547400311630987e-01,9.888976868374494966e-01,9.851943638096408717e-01,9.833533953087801871e-01,9.703231570242843995e-01,9.687955975195204905e-01,9.610495310769751054e-01,9.554452555435860583e-01,9.532488173079957106e-01,9.508509844604821071e-01,9.502990257359956727e-01,9.501062290965562873e-01
1.000000000000000000e+00,9.984090504973550662e-01,9.908293539643395764e-01,9.867357248983723572e-01,9.826938894825424375e-01,9.714440025304090787e-01,9.688748562126235919e-01,9.666271354063933341e-01,9.633178462472392622e-01,9.602422469501633584e-01,9.598428699862081581e-01,9.591502678335723786e-01,9.558767129446368305e-01,9.545319120552313574e-01,9.538047449351232387e-01,9.531093092963743851e-01,9.519266713987094564e-01,9.516038101167577645e-01,9.981047239320872677e-01,9.960701601599648569e-01,9.956459698816116921e-01,9.952513670882371377e-01,9.888890489032436948e-01,9.851830024836826238e-01,9.833406720374195942e-01,9.703028809491843765e-01,9.687743917491739021e-01,9.610250200606668125e-01,9.554184025333900543e-01,9.532207430808968818e-01,9.508213293542654432e-01,9.502690446306625294e-01,9.500761665688634006e-01
1.000000000000000000e+00,9.984254418381373064e-01,9.909231005160581418e-01,9.868694459565360289e-01,9.828671741893864056e-01,9.717013698600917015e-01,9.691428480148632785e-01,9.669257996882448802e-01,9.636512912561771005e-01,9.606078926053659428e-01,9.602139394866062716e-01,9.595308346601434391e-01,9.562906182032639979e-01,9.549566337280408490e-01,9.542375132740874566e-01,9.535499762669839008e-01,9.523772476683863841e-01,9.520577247709991475e-01,9.981238525488054236e-01,9.961081405047370607e-01,9.956873762547970852e-01,9.952957413021628064e-01,9.890026700806268112e-01,9.853324517792471093e-01,9.835080386987301582e-01,9.705695636841887852e-01,9.690533023704739346e-01,9.613474019687486827e-01,9.557715872594124695e-01,9.535899899787046996e-01,9.512113687259530215e-01,9.506633717181388610e-01,9.504715645586031547e-01
1.000000000000000000e+00,9.984418216848983674e-01,9.910167766936124334e-01,9.870030604775155147e-01,9.830403160069883794e-01,9.719585117291823506e-01,9.694106005133067416e-01,9.672241979583011684e-01,9.639844358314402228e-01,9.609732062113189865e-01,9.605846718223384206e-01,9.599110552586198608e-01,9.567041436279866140e-01,9.553809644858809458e-01,9.546698826471146093e-01,9.539902363842268640e-01,9.528274069518891665e-01,9.525112191115086002e-01,9.981429693827492677e-01,9.961461070562130926e-01,9.957287685019802215e-01,9.953401011045345248e-01,9.891162134754116764e-01,9.854818102613137620e-01,9.836753080817863815e-01,9.708360129345164902e-01,9.693319687884720537e-01,9.616694989581244801e-01,9.561244591334755460e-01,9.539589099996103050e-01,9.516010626561772767e-01,9.510573495799244936e-01,9.508666123593089159e-01
1.000000000000000000e+00,9.984644135895179851e-01,9.911459719717341521e-01,9.871873274013998056e-01,9.832790868613497937e-01,9.723131010073560176e-01,9.697798140366330477e-01,9.676356711619398254e-01,9.644438164658653001e-01,9.614769412033482565e-01,9.610958784518879305e-01,9.604353446439189979e-01,9.572743519671340628e-01,9.559660703625949552e-01,9.552660718451863042e-01,9.545973050503548940e-01,9.534481238357183086e-01,9.531365342593242085e-01,9.981693389509166403e-01,9.961984934771809241e-01,9.957858832077471911e-01,9.954013117552578116e-01,9.892728213112296221e-01,9.856878358752289015e-01,9.839060473025944553e-01,9.712034369782200915e-01,9.697162398535599248e-01,9.621136548978456160e-01,9.566110509736344136e-01,9.544676317304545687e-01,9.521384302858070248e-01,9.516006245506987149e-01,9.514113626959942449e-01
1.000000000000000000e+00,9.984869836992604775e-01,9.912750338318974119e-01,9.873713923887470489e-01,9.835175869111619784e-01,9.726672630951911369e-01,9.701485741702081667e-01,9.680466403982155299e-01,9.649026279696159003e-01,9.619800472161773586e-01,9.616064464179036042e-01,9.609589782077713194e-01,9.578438408771537960e-01,9.565504358379208760e-01,9.558615054035899394e-01,9.552036031480606315e-01,9.540680509739759563e-01,9.537610533634018894e-01,9.981956861742264930e-01,9.962508537240587492e-01,9.958429711057585898e-01,9.954624950543721207e-01,9.894292816545874336e-01,9.858936892419597475e-01,9.841366019956261368e-01,9.715704186323459446e-01,9.701000482268109515e-01,9.625572710400239762e-01,9.570970501172230138e-01,9.549757342031344187e-01,9.526751435007840829e-01,9.521432379403077517e-01,9.519554496272467636e-01
1.000000000000000000e+00,9.984713550229429302e-01,9.911856658588193980e-01,9.872439391274726583e-01,9.833524418134430567e-01,9.724220325472425763e-01,9.698932364885614055e-01,9.677620760584596526e-01,9.645849372572384839e-01,9.616316865764109600e-01,9.612529190105313370e-01,9.605964040070632537e-01,9.574495161862046633e-01,9.561458105682304476e-01,9.554492165209879095e-01,9.547837915844725742e-01,9.536388026176734201e-01,9.533286254974711049e-01,9.981774417056976656e-01,9.962145942696019052e-01,9.958034375704999386e-01,9.954201252953100987e-01,9.893209402812157549e-01,9.857511432230017245e-01,9.839769503091930769e-01,9.713163114729677083e-01,9.698342898333318640e-01,9.622501008018893298e-01,9.567605330337187741e-01,9.546239122195576687e-01,9.523035108031343565e-01,9.517675198216878352e-01,9.515787111970757106e-01
1.000000000000000000e+00,9.984557159009429528e-01,9.910962339448745606e-01,9.871163890917755701e-01,9.831871669410965353e-01,9.721765972918317011e-01,9.696376815478002786e-01,9.674772702253626733e-01,9.642669738308503602e-01,9.612830245485231018e-01,9.608990855750761950e-01,9.602335155576323666e-01,9.570548467721522456e-01,9.557408305277903526e-01,9.550365655670082221e-01,9.543636107971684712e-01,9.532091758500653711e-01,9.528958162027943990e-01,9.981591865274983544e-01,9.961783222674878147e-01,9.957638911834074680e-01,9.953777424233484217e-01,9.892125282184259794e-01,9.856085146450799250e-01,9.838172101754518728e-01,9.710619923230877637e-01,9.695683097211921231e-01,9.619426719000510051e-01,9.564237319399858661e-01,9.542717934985983641e-01,9.519315645229111666e-01,9.513914846866499131e-01,9.512016548763961854e-01
1.000000000000000000e+00,9.984192013704609181e-01,9.908874101256370803e-01,9.868185375385858382e-01,9.828012042209977039e-01,9.716033909675718672e-01,9.690408249564350651e-01,9.668120996993360139e-01,9.635243508265711743e-01,9.604686938988303835e-01,9.600726759831724744e-01,9.593859556439328085e-01,9.561330478762319895e-01,9.547949458176332449e-01,9.540727621428896077e-01,9.533822182672446743e-01,9.522057174028527582e-01,9.518849236411363046e-01,9.981165697602495390e-01,9.960936792134792439e-01,9.956716103708361798e-01,9.952788452978469369e-01,9.889594123048770502e-01,9.852755521900343760e-01,9.834443169376365645e-01,9.704680384315721442e-01,9.689471220027939813e-01,9.612246725370306999e-01,9.556371314089794344e-01,9.534494193072377000e-01,9.510628824698522665e-01,9.505132531461537582e-01,9.503210383006497342e-01
1.000000000000000000e+00,9.983826296585477378e-01,9.906782361917982893e-01,9.865201559401163278e-01,9.824145305806147865e-01,9.710290628581261796e-01,9.684427776894105611e-01,9.661456055997786896e-01,9.627802329569890016e-01,9.596527110560018059e-01,9.592445887427791806e-01,9.585366729799715824e-01,9.552093589945948038e-01,9.538471159774494224e-01,9.531069735239249274e-01,9.523988012914949008e-01,9.512001840842780886e-01,9.508719396488701792e-01,9.980738943763405313e-01,9.960089675495489292e-01,9.955792592946671737e-01,9.951798764894463911e-01,9.887059094329212483e-01,9.849421379705319834e-01,9.830709397842717356e-01,9.698729228289977300e-01,9.683247192396572389e-01,9.605052555316204721e-01,9.548489742412448189e-01,9.526254186925606771e-01,9.501924816170894683e-01,9.496332839758883093e-01,9.494386793015586745e-01
1.000000000000000000e+00,9.983894116302544086e-01,9.907170278036021571e-01,9.865754935661354974e-01,9.824862446058084675e-01,9.711355850227788578e-01,9.685537008214790688e-01,9.662692236912335808e-01,9.629182496324942830e-01,9.598040580102258357e-01,9.593981808700776659e-01,9.586941965610520366e-01,9.553806845615346877e-01,9.540229196402001399e-01,9.532861084287804765e-01,9.525812061414109522e-01,9.513866914610722425e-01,9.510598290746811179e-01,9.980818076178535891e-01,9.960246719083815092e-01,9.955963795504678693e-01,9.951982232819340801e-01,9.887529190797952339e-01,9.850039620679149621e-01,9.831401724333844738e-01,9.699833004546402071e-01,9.684401578911665531e-01,9.606386886703079941e-01,9.549951571622996571e-01,9.527782495776708771e-01,9.503539186123766136e-01,9.497964956436119044e-01,9.496023342268390399e-01
1.000000000000000000e+00,9.983961916303493167e-01,9.907558073418787359e-01,9.866308129111563963e-01,9.825579341093617636e-01,9.712420684870231025e-01,9.686645828745150677e-01,9.663927961169265224e-01,9.630562147289588593e-01,9.599553479540287038e-01,9.595517151082200158e-01,9.588516606959907040e-01,9.555519449083513805e-01,9.541986561788100563e-01,9.534651748261951942e-01,9.527635411286864420e-01,9.515731272341079183e-01,9.512476463250002512e-01,9.980897188383921481e-01,9.960403739025290859e-01,9.956134973846999525e-01,9.952165676040319875e-01,9.887999153844393430e-01,9.850657705913893336e-01,9.832093884013901608e-01,9.700936380021699668e-01,9.685555546241372271e-01,9.607720728983696334e-01,9.551412863756978400e-01,9.529310243467230546e-01,9.505152963034356750e-01,9.499596473572391453e-01,9.497659290325796144e-01
1.000000000000000000e+00,9.983638096953846297e-01,9.905705853409387807e-01,9.863665825912060203e-01,9.822155049818049877e-01,9.707334234187012800e-01,9.681349198044434390e-01,9.658025145137354439e-01,9.623971767521769527e-01,9.592326551770056220e-01,9.588183013248154918e-01,9.580994736092330877e-01,9.547338498843217502e-01,9.533591769962029838e-01,9.526097881723823990e-01,9.518925397228181762e-01,9.506825351298204829e-01,9.503504546180218115e-01,9.980519366058117070e-01,9.959653995076442889e-01,9.955317639995918677e-01,9.951289791694772902e-01,9.885754594191605849e-01,9.847705887541701175e-01,9.828788373328539718e-01,9.695665831419763014e-01,9.680043332749805884e-01,9.601349256473998839e-01,9.544432580035355773e-01,9.522012518655970092e-01,9.497444292430123891e-01,9.491803061849046763e-01,9.489844712793903403e-01
